Bezeichnung,AA Bezirk,Anschrift,PLZ,Ort
Regionaldirektion Baden-Württemberg,,Hölderlinstr. 36,70174,Stuttgart
Jobcenter Heidenheim,Aalen,Theodor-Heuss-Str. 1,89518,Heidenheim
Jobcenter Ostalbkreis,Aalen,Hopfenstr. 65,73430,Aalen
Jobcenter Landkreis Sigmaringen,Balingen,Fidelis-Graf-Str. 2,72488,Sigmaringen
Jobcenter Zollernalbkreis,Balingen,Stingstr. 17,72336,Balingen
Jobcenter Breisgau-Hochschwarzwald,Freiburg,Lehener Str. 77,79106,Freiburg
Jobcenter Landkreis Emmendingen,Freiburg,Freiburger Str. 20,79312,Emmendigen
Jobcenter Freiburg ,Freiburg,Lehener Str. 77,79106,Freiburg
Jobcenter Landkreis Esslingen,Göppingen,Uhlandstr. 1,73734,Esslingen
Jobcenter Landkreis Göppingen,Göppingen,Mörikestr. 15,73033,Göppingen
Jobcenter Stadt Heidelberg,Heidelberg,Speyerer Str. 6/1,69115,Heildelberg
Jobcenter Rhein-Neckar-Kreis ,Heidelberg,Czerny - Ring 22 / 11,69115,Heidelberg
Jobcenter Stadt Heilbronn ,Heilbronn,Rosenbergstr. 59,74072,Heilbronn
Jobcenter Landkreis Karlsruhe,Karlsruhe,Brauerstr. 10,76125,Karlsruhe
Jobcenter Landkreis Konstanz ,Konstanz,Konzilstr. 9,78462,Konstanz
kein Jobcenter,Konstanz,Benediktinerplatz 1,78467,Konstanz
Jobcenter Landkreis Lörrach ,Lörrach,Brombacher Str. 2,79539,Lörrach
Jobcenter Waldshut-Tiengen,Lörrach,Waldtorstr. 14,79761,Waldshut-Tiengen
Jobcenter Landkreis Ludwigsburg,Ludwigsburg,Hindenburgstr. 44,71638,Ludwigsburg
Jobcenter Mannheim,Mannheim,Ifflandstr. 2-6,68161,Mannheim
Jobcenter Ortenaukreis,Offenburg,Lange Str. 51,77652,Offenburg
Jobcenter Enzkreis,Pforzheim,Zahringerallee 3,75177,Pforzheim           
Jobcenter Baden-Baden,Rastatt,Gewerbepark Cite´ 1,76532,Baden-Baden
Jobcenter Landkreis Rastatt,Rastatt,Karlstr. 18,76437,Rastatt
Jobcenter Landkreis Biberach,Ravensburg,Rollinstr. 9,88400,Biberach
AA Ravensburg und LK Ravensburg,Ravensburg,Sauterlauterstr. 34,88250,Weingarten
Landkreis Ravensburg - Auslag.Wangen,Ravensburg,Holbeinweg 2,88239,Wangen
Jobcenter Bodenseekreis,Ravensburg,Albrechtstraße 75,88045,Friedrichshafen
Jobcenter Landkreis Reutlingen,Reutlingen,Albstr. 83,72764,Reutlingen
Jobcenter Landkreis Tübingen,Reutlingen,Schleifmühleweg 68,72070,Tübingen
Jobcenter Landkreis Rottweil,Rottweil,Steig 27,78628,Rottweil
Jobcenter Tuttlingen,Rottweil,Bahnhofstr. 100,78532,Tuttlingen
Jobcenter Hohenlohekreis,Schwäbisch Hall,Würzburger Str. 30,74653,Künzelsau
Jobcenter Landkreis Schwäbisch Hall,Schwäbisch Hall,Bahnhofstr. 18,74523,Schwäbisch Hall
Jobcenter Böblingen,Stuttgart,Calwerstr. 6,71034,Böblingen
Jobcenter Stuttgart,Stuttgart,Rosensteinstr. 11,70191,Stuttgart
Jobcenter Main-Tauber ,Tauberbischofsheim,Pestalozziallee 17,97941,Tauberbischofsheim
Jobcenter Neckar-Odenwald-Kreis,Tauberbischofsheim,Renzstr. 14,74821,Mosbach
Jobcenter Alb-Donau,Ulm,Wichernstr. 5,89073,Ulm
Jobcenter Ulm,Ulm,Schwambergerstr. 1,89073,Ulm
Landkreis Schwarzwald-Baar-Kreis - AA Villingen-Schwenningen,Villingen-Schwenningen,Lantwattenstr. 2,78050,Villingen-Schwenningen
Jobcenter Rems-Murr,Waiblingen,Mayenner Str. 60,71332,Waiblingen
Regionaldirektion Bayern,,Regensburger Straße 100,90478,Nürnberg
Jobcenter Landkreis Ansbach,Ansbach,Crailsheim Str. 1,91522,Ansbach
Jobcenter Stadt Ansbach,Ansbach,Schalkhäuser Str. 40,91522,Ansbach
Jobcenter Landkreis Neustadt/Aisch,Ansbach,Bamberger Str. 27,91401,Neustadt/Aisch
ARGE Landkreis Neustadt/Aisch/Bad Windsheim,Ansbach,Ostring 13,91427,Bad Windsheim
Jobcenter Landkreis Aschaffenburg,Aschaffenburg,Goldbacher Str. 25-27,63739,Aschaffenburg
Jobcenter Stadt Aschaffenburg,Aschaffenburg,Goldbacher Str. 25-27,63739,Aschaffenburg
Jobcenter Landkreis Miltenberg,Aschaffenburg,Bauschenweg 6,63897,Miltenberg
Jobcenter Augsburger Land,Augsburg,Hermanstr. 11,86150,Augsburg
Jobcenter Augsburger Land,Augsburg,Zweigstelle Fuggerstr. 10,86830,Schwabmünchen
Jobcenter Wittelsbacher Land,Augsburg,Hauptstraße 2,86551,Aichach
Jobcenter für Beschäftigung Augsburg-Stadt,Augsburg Region NORD-WEST,Wertachstr. 28,86153,Augsburg
Jobcenter für Beschäftigung Augsburg-Stadt,Augsburg Region SÜD,Gögginger Str. 150a,86199,Augsburg
Jobcenter für Beschäftigung Augsburg-Stadt,Region OST,Zugspitzstr. 179,86165,Augsburg
Jobcenter für Beschäftigung Augsburg-Stadt,Region Mitte,Wertachstr. 28,86153,Augsburg
Jobcenter Landkreis Bamberg,Bamberg,Mannlehenweg 27,96050,Bamberg
Jobcenter Stadt Bamberg,Bamberg,Mannlehenweg 27,96050,Bamberg
Jobcenter Forchheim,Bamberg,Äußere Nürnberger Str.1,91301,Forchheim
Jobcenter Bayreuth Land,Bayreuth,Casselmannstr. 6,95444,Bayreuth
Jobcenter Bayreuth Stadt ,Bayreuth,Spinnereistr. 6/8,95445,Bayreuth
Jobcenter Kulmbach,Bayreuth,Fritz-Hornschuch-Str. 9,95326,Kulmbach
Jobcenter Coburg Land,Coburg,Raststr. 20,96450,Coburg
Jobcenter Coburg Stadt,Coburg,Hinterer Floßanger 10,96450,Coburg
Jobcenter Landkreis Kronach,Coburg,Langer Steig 10,96317,Kronach
Jobcenter Landkreis Lichtenfels,Coburg,Conrad-Wagner Str.3,96215,Lichtenfels
Jobcenter Deggendorf,Deggendorf,Hindenburgstr. 32,94469,Deggendorf
Jobcenter Landkreis Regen,Deggendorf,"Daimingerstr. 4 -Z Linprunstr. 13",94227 94234,Zwiesel Viechtach
Jobcenter Straubing- Bogen,Deggendorf,Wittelsbacherhöhe 14,94315,Straubing
Jobcenter Dillingen a.d. Donau,Donauwörth,Rosenstr. 4,89407,Dillingen
Jobcenter Donau-Ries,Donauwörth,Zirgelsheimer Str.9,86609,Donauwörth
Jobcenter Donau-Ries ,Donauwörth,Herrengasse 39,86720,Nördlingen
Jobcenter Erding,Freising,Otto-Hahn-Str. 21,85435,Erding
Jobcenter Freising,Freising,Landshuter Str. 31,85356,Freising
Jobcenter Hofer Land,Hof,Außere Bayreuther Str. 2,95032,Hof
Jobcenter Hof Stadt,Hof,Äußere Bayreuther Str. 2,95032,Hof
Jobcenter Wunsiedel i.Fichtelgebirge ,Hof,Oskar-Loew-Str. 9,95615,Marktredwitz
Jobcenter Eichstätt,Ingolstadt,Weißenburger Str. 17,85072,Eichstätt     
Jobcenter Ingolstadt,Ingolstadt,Adolf-Kolping-Str 10,85049,Ingolstadt
Jobcenter Landkreis Neuburg-Schrobenhausen,Ingolstadt,Holzgartenstr. 74,86633,Neuburg a. d. Donau
Jobcenter Landkreis Pfaffenhofen a.d. Ilm,Ingolstadt,Hauptplatz 22,85276,Pfaffenhofen
Jobcenter Kaufbeuren,Kempten,Gewerbestr. 46,87600,Kaufbeuren
Jobcenter Kempten (Allgäu),Kempten,Gerberstr. 2,87435,Kempten
Jobcenter Landkreis Lindau,Kempten,Bregenzer Str. 35,88131,Lindau
Jobcenter Landkreis Oberallgäu,Kempten,Oberallgäuer Platz 2,87527,Sonthofen
Jobcenter Ostallgäu,Kempten,Hochwiesstr. 21,87616,Marktoberdorf
Jobcenter Landkreis Dingolfing-Landau,Landshut,Aitrachstr. 7,84130,Dingolfing
Jobcenter Landkreis Landshut,Landshut,Veldener Str. 15,84036,Landshut
Jobcenter Landshut Stadt,Landshut,Leinfelder Str. 6,84034,Landshut
Jobcenter Günzburg,Memmingen,An der Kapuzinermauer 1,89312,Günzburg
Jobcenter Memmingen,Memmingen,Dr.-Berndl-Platz 2,87700,Memmingen
Jobcenter Neu-Ulm,Memmingen,Albrecht-Berblinger-Str. 6,89231,Neu-Ulm
Jobcenter Unterallgäu,Memmingen,Bahnhofstr. 6,87719,Mindelheim
Jobcenter Landkreis Dachau,München,Hochstraße 27,85221,Dachau
Jobcenter Ebersberg,München,Kolpingstr. 1,85560,Ebersberg
Jobcenter Grundsicherung für Arbeitsuchende FFB,München,Oskar von Miller Str. 4e,82256,Fürstenfeldbruck
Jobcenter Landkreis München,München,Tumblinger Str. 21,80337,München   
Jobcenter München ,München,Orleansplatz 11,81667,München  
Jobcenter Landkreis Starnberg,München,Moosstr. 5,82319,Starnberg
Stadt Erlangen,Nürnberg,Rathausplatz 1,91052,Erlangen
Jobcenter Erlangen-Höchstadt,Nürnberg,Schloßberg 10,91315,Erlangen Höchstadt
Jobcenter Fürth-Land,Nürnberg,Stresemannplatz 5,90763,Fürth
Jobcenter Fürth,Nürnberg,Kurgartenstr. 37,90762,Fürth
Jobcenter Nürnberg Stadt,Nürnberg,Richard-Wagner-Platz 5,90443,Nürnberg
Jobcenter Nürnberg Nord,Nürnberg,Fichtestr. 45,90489,Nürnberg
Jobcenter Nürnberg Süd,Nürnberg,Platenstr. 46,90487,Nürnberg
Jobcenter Nürnberg West,Nürnberg,Nicolaistraße 14,90429,Nürnberg
Jobcenter Nürnberger Land,Nürnberg,Waldluststr. 1,91207,Lauf
Jobcenter Nürnberger Land,Nürnberg,Hersbrucker Str. 52c,91207,Lauf
Jobcenter Schwabach,Nürnberg,Nördlingerstr. 3,91126,Schwabach
Jobcenter Freyung-Grafenau,Passau,Bahnhofstr. 3,94065,Waldkirchen
Jobcenter Passau Land,Passau,Innstr. 30,94032,Passau
Jobcenter Passau Stadt,Passau,Innstr. 30,94032,Passau
Jobcenter Altötting,Pfarrkirchen,Gabriel-Mayer-Str. 8a,84503,Altötting
Jobcenter Mühldorf/Inn ,Pfarrkirchen,Am Kellerberg 11,84453,Mühldorf a.Inn
Jobcenter Landkreis Rottal-Inn  ,Pfarrkirchen,Ringstr. 23,84347,Pfarrkirchen
Jobcenter Landkreis Kehlheim,Regensburg,Münchner Str. 2a,93326,Abensberg
Jobcenter Landkreis Kehlheim,Regensburg,Ledergasse 2b,93309,Kehlheim
Jobcenter Landkreis Neumarkt,Regensburg,Dr.-Grundler-Str.3,92318,Neumarkt i. d. Opf.
Jobcenter Landkreis Regensburg,Regensburg,Galgenbergstr. 24,93053,Regensburg
Jobcenter Regensburg Stadt,Regensburg,Im Gewerbepark D 83,93059,Regensburg
Jobcenter Bad Tölz-Wolfratshausen,Rosenheim,Prof.-Max-Lange-Platz 14,83646,Bad Tölz
Landratsamt Miesbach/Amt für Arbeit und Soziales,Rosenheim,Rosenheimer Str. 3 Haus 1,83714,Miesbach
Jobcenter Landkreis Rosenheim,Rosenheim,Möslstr. 25,83024,Rosenheim
Jobcenter Rosenheim Stadt,Rosenheim,Reichenbachstr. 8,83022,Rosenheim
Jobcenter Landkreis Amberg-Sulzbach und die Stadt Amberg,Schwandorf,Jahnstr. 4,92224,Amberg
Jobcenter Cham  ,Schwandorf,Arbeitsamtstr. 8,93413,Cham
Jobcenter Landkreis Schwandorf  ,Schwandorf,Wackersdorfer Str. 4,92421,Schwandorf
Jobcenter im Landkreis Bad Kissingen,Schweinfurt,Columbiastr. 10,97688,Bad Kissingen
Jobcenter Haßberge,Schweinfurt,Promenade 17,97437,Haßfurt
Jobcenter im Landkreis Rhön Grabfeld,Schweinfurt,Roßmarktstr. 40,97616,Bad Neustadt
Jobcenter Landkreis Schweinfurt ,Schweinfurt,Komacherstr. 6,97421,Schweinfurt
Jobcenter Schweinfurt,Schweinfurt,Friedrich-Rückert-Bau Martin-Luther-Platz 20,97421,Schweinfurt
Jobcenter Berchtesgadener Land ,Traunstein,Bahnhofstr. 22,83435,Bad Reichenhall
Jobcenter Traunstein ,Traunstein,Chiemseestr. 35,83278,Traunstein
Jobcenter Weiden,Weiden,Weigelstr. 24,92633,Weiden
Jobcenter Tirschenreuth,Weiden,Bahnhofstr. 49,95643,Tirschenreuth
Jobcenter Landkreis Garmisch Partenkirchen,Weilheim,Bahnhofstr. 35a,82467,Garmisch-Partenkirchen
Jobcenter Landsberg am Lech ,Weilheim,Kohlstattstr. 8,86899,Landsberg am Lech
Jobcenter Landkreis Weilheim-Schongau ,Weilheim,Karwendelstr. 1,82362,Weilheim
Jobcenter Roth,Weißenburg,Hilpoltsteiner Str. 30a,91154,Roth
Jobcenter Weißenburg-Gunzenhausen,Weißenburg,Schwärzgasse 1,91781,Weißenburg
Jobcenter Kitzingen,Würzburg,Alte Poststr. 6A,97316,Kitzingen
Jobcenter Main-Spessart,Würzburg,Marktplatz 8,97753,Karlstadt
Jobcenter,Würzburg,Zeppelinstr. 15,97074,Würzburg
Jobcenter Würzburg,Würzburg,Bahnhofstr. 7,97070,Würzburg
Regionaldirektion Hessen,,Saonestr. 2-4,60528,Frankfurt a.M.
Hersfeld-Rotenburg, Landkreis Bad Hersfeld,Friedloserstr. 12,36251,Bad Hersfeld
Jobcenter Werra-Meißner,Bad Hersfeld,Fuldaer Str. 6,37269,Eschwege
Neue Wege Kreis Bergstraße,Darmstadt,Walther- Rathenau- Str. 1,64646,Heppenheim
Jobcenter Darmstadt,Darmstadt,Groß-Gerauer-Weg 3,64295,Darmstadt
Jobcenter,Darmstadt,Jägertorstraße 207 Trakt 7,64289,Darmstadt
Kommunales Jobcenter,Darmstadt,Wilhelm-Seipp-Str. 4,64521,Groß-Gerau
Jobcenter,Darmstadt,Michelstädter Str. 12,64711,Erbach
Jobcenter Frankfurt am Main,Frankfurt am Main,Hainer Weg 44,60599,Frankfurt a.M. 
Jobcenter,Fulda,Robert-Kircher-Str. 24,36037,Fulda
Jobcenter Gießen,Gießen,Nordanlage 60,35390,Gießen
Jobcenter,Gießen,Goldhelg 20,36341,Lauterbach
Jobcenter Wetteraukreis,Gießen,Schulze-Delitzsch-Str. 1,61169,Friedberg
Jobcenter Landkreis Kassel,Kassel,Ständeplatz 23,34117,Kassel
Arbeitsförderung Landkreis Kassel,Kassel,Kurfürstenstr. 19,34466,Wolfhagen
Jobcenter Landkreis Kassel,Kassel,Ständeplatz 23,34117,Kassel
Jobcenter Stadt Kassel,Kassel,Grüner Weg 46 o. Rathaus Obere Königstr. 8,34117,Kassel
Arbeitsförderung Schwalm-Eder,Kassel,Schladenweg 29,34560,Fritzlar
Arbeitsförderung Schwalm-Eder,Kassel,Schwarzenberger Weg 31,34212,Melsungen
Arbeitsförderung Werra-Meissner-Kreis,Kassel,Walburger Str. 41,37213,Witzenhausen
Jobcenter Waldeck-Frankenberg ,Korbach,Louis-Peter-Str. 49-51,34497,Korbach
Jobcenter Limburg-Weilburg,Limburg-Weilburg,Cahensly-Str. 2,65549,Limburg
Jobcenter Schwalm-Eder,Marburg,Wallstraße 16,34576,Homberg/Efze
Jobcenter Schwalm-Eder-Süd,Marburg,Marienburger Str. 9,34613,Schwalmstadt
MainArbeit kommunales Jobcenter Offenbach,Offenbach,Domstr. 72,63067,Offenbach
Jobcenter MainArbeit GmbH,Offenbach,Berliner Str. 220-224,63067,Offenbach
Jobcenter Lahn-Dill ,Wetzlar,Sophienstr. 5,35576,Wetzlar
Regionaldirektion Niedersachsen-Bremen,,Altenbekener Damm 82,30173,Hannover
Jobcenter Braunschweig,Braunschweig,Willy-Brandt-Platz 7,38102,Braunschweig
Jobcenter Salzgitter,Braunschweig,Lichterberger Str. 2A,38226,Salzgitter
Jobcenter Wolfenbüttel,Braunschweig,Goslarsche Str. 33,38304,Wolfenbüttel 
Jobcenter Bremen,Bremen,Doventorsteinweg 48-52,28195,Bremen
Jobcenter Bremerhaven,Bremerhaven,Grimsbystr. 1,27570,Bremerhaven
Jobcenter Cuxhaven,Stade,Konrad-Adenauer-Allee 1,27472,Cuxhaven       
Jobcenter im Landkreis Celle ,Celle,Georg-Wilhelm-Str. 14,29223,Celle
Jobcenter Aurich,Emden,Fischteichweg 7-13,26603,Aurich
Jobcenter Emden,Emden,Schlesierstr. . 10-12,28723,Emden
Jobcenter Wittmund,Emden,Osterstr. 2,26409,Wittmund
Jobcenter Goslar,Goslar,Robert-Koch-Str. 11,38642,Goslar
Jobcenter,Göttingen,Reinhäuser Landstr. 4,37083,Göttingen
Jobcenter Landkreis Northeim,Göttingen,Scharnhorstplatz 14,37154,Northeim
Jobcenter Hameln-Pyrmont,Hameln,Süntelstr.5,31785,Hameln
Jobcenter Holzminden,Hameln,Steinbreite 12,37603,Holzminden
Jobcenter Schaumburg,Hameln,Breslauerstr. 2-4,31655,Stadthagen
Jobcenter Region Hannover,Hannover,Vahrenwalder Str. 245,30159,Hannover
Jobcenter Gifhorn ,Helmstedt,Ribbesbütteler Weg 2,38518,Gifhorm
Jobcenter Helmstedt,Helmstedt,Magdeburger Tor 18,38350,Helmstedt
Jobcenter Wolfsburg,Helmstedt,Porschestr. 2,38440,Wolfsburg 
Jobcenter Hildesheim,Hildesheim,Am Marienfriedhof 3,31134,Hildesheim
Emsland Landkreis,Leer,Ordeniederung 1,49716,Meppen
Leer Landkreis,Leer,Bergmannstr. 37,26789,Leer
Jobcenter Landkreis Harburg,Lüneburg,Bahnhofstr. 13,21423,Winsen (Luhe)
Jobcenter Landkreis Lüneburg,Lüneburg,Horst-Nickel-Str.4,21335,Lüneburg
Arbeitsmarktservice im Landkreis Diepholz,Verden,Amtshof 3,28857,Syke
Jobcenter Landkreis Nienburg/Weser,Nienburg,Verdener Str.21,31582,Nienburg
Jobcenter,Nordhorn,Bentheimer Str. 118,48522,Nordhorn
Jobcenter,Oldenburg,Ammerlandallee 12,26655,Westerstede
Jobcenter Delmenhorst,Oldenburg,Am Wollelager 21,27749,Delmenhorst
Jobcenter,Oldenburg,Delmenhorster Str. 6,27793,Wildeshausen
Jobcenter Oldenburg,Oldenburg,Stau 70,26122,Oldenburg
Jobcenter Wesermarsch,Oldenburg,Weserstr. 2,26919,Brake
Jobcenter,Osnabrück,Am Schölerberg 1,49082,Osnabrück
Jobcenter Osnabrück ,Osnabrück,Johannistorwall 56,49080,Osnabrück
Jobcenter Cuxhaven,Stade,Konrad-Adenauer-Allee 1,27472,Cuxhaven       
Jobcenter Stade,Stade,Wiesenstraße 10,21680,Stade
Jobcenter Lüchow-Dannenberg ,Uelzen,Seerauerstr. 37,29439,Lüchow
Jobcenter Uelzen,Uelzen,Lüneburger Str. 72,29525,Uelzen
Jobcenter Cloppenburg,Vechta,Lankumer Ring 7,49661,Cloppenburg
Jobcenter im Landkreis Vechta,Vechta,Rombergstr. 51,49377,Vechta
Jobcenter,Stade,Hopfengarten 2,27356,Rotenburg
Jobcenter im Landkreis Diepholz,Verden,Amtshof 3,28857,Syke
Jobcenter im Landkreis Nienburg,Verden,Verdener Str.21,31582,Nienburg
Jobcenter,Verden,Lindhooper Str. 6,27283,Verden
Jobcenter Friesland,Wilhelmshaven,Sophienstr. 3,26441,Jever
Job Center Friesland-Dependance,Wilhelmshaven,Gorch-Fock-Str. 3,26316,Varel
Jobcenter Wilhelmshaven,Wilhelmshaven,Herderstr. 10,26382,Wilhelmshaven
Regionaldirektion Nord,,Projensdorfer Str. 82,24106,Kiel
Jobcenter Herzogtum Lauenburg,Bad Oldesloe,Alt-Möllner Straße 2,23879,Mölln
Jobcenter Stormarn,Bad Oldesloe,Berliner Ring 8 und 10,23843,Bad Oldesloe
Jobcenter Kreis Pinneberg ,Elmshorn,Adenauerdamm 1,25337,Elmshorn
Jobcenter Steinburg ,Elmshorn,Lomsenplatz 1,25524,Itzehoe
Jobcenter Flensburg,Flensburg,Waldstr. 2,24939,Flensburg
Jobcenter,Flensburg,Marktstr. 6,25813,Husum
Jobcenter,Flensburg,Flensburger Str. 7,24837,Schleswig
Jobcenter Mecklenburgische Seenplatte Nord,Neubrandenburg,Zum Amtsbrink 2,17192,Waren
Jobcenter Mecklenburgische Seenplatte Süd,Neubrandenburg,Ponyweg 37 - 43,17034,Neubrandenburg
Jobcenter Uecker-Randow,Neubrandenburg,Markstr. 58-62,17309,Pasewalk
Jobcenter team.arbeit. Hamburg,Hamburg,Raboisen 28,20095,Hamburg
Jobcenter Dithmarschen,Heide,Rungholtstr. 1,25746,Heide
Jobcenter Mitte,Heide,Bütjestraße 1,25704,Meldorf
Jobcenter Süd,Heide,von-Humboldt-Platz 9,25541,Brunsbüttel
Jobcenter Kiel,Kiel,Adolf-Westphal-Str. 2,24143,Kiel
Jobcenter Kreis Plön,Kiel,Behler Weg 23,24306,Plön
Jobcenter Rendsburg-Eckernförde,Kiel,Riesebyer Str. 6,23340,Eckernförde
Jobcenter Rendsburg-Eckernförde,Kiel,Schwedendamm 10-12,24143,Kiel
Jobcenter Lübeck,Lübeck,Kaninchenborn 31,23560,Lübeck
Jobcenter Ostholstein,Lübeck,Elisabethstr. 16-18,23701,Eutin
Jobcenter Neumünster,Neumünster,Friedrichstr. 7-19,24534,Neumünster
Jobcenter Kreis Rendsburg-Eckenförde,Neumünster,Ritterstr. 10,24768,Rendsburg
Jobcenter Kreis Segeberg,Neumünster,Am Wasserwerk 5,23795,Bad Segeberg
Jobcenter  Bad Doberan ,Rostock,Kammerhof 2,18209,Bad Doberan
Jobcenter Landkreis Bad Doberan Ost,Rostock,Kopernikusstr. 1a,18057,Rostock
Jobcenter Güstrow,Rostock,Eisenbahnstr. 12,18273,Güstrow
Jobcenter Güstrow,Rostock,Am Wall 3-5,18273,Güstrow
Jobcenter GüstrowStandort Teterow,Rostock,Rostockerstr. 43-49,17166,Teterow
Jobcenter GüstrowStandort Bützow,Rostock,Am Ausfall 67,18246,Bützow
Jobcenter Rostock ,Rostock,Friedrich.-Engels-Platz 6-8,18055,Rostock
Hanse Jobcenter Rostock (HJR),Rostock,Kopernikusstr. 1a,18057,Rostock
Hanse Jobcenter Rostock (HJR),Rostock,Schweriner Str. 50,18069,Rostock
Jobcenter Ludwigslust- Parchim  ,Schwerin,Scharnhorststr. 1,19370,Parchim
Jobcenter Landeshauptstadt Schwerin,Schwerin,Am Margaretenhof 14-16,19057,Schwerin
Jobcenter Nordwestmecklenburg ,Schwerin,Mühlenstr.32,23966,Wismar
Jobcenter Hansestadt Greifswald ,Stralsund,Am Gorzberg 1,17489,Hansestadt Greifswald
Jobcenter Nordvorpommern,Stralsund,Bahnhofstr. 16,18507,Grimmen
Jobcenter Rügen,Stralsund,Gingster Chaussee 5a,18528,Bergen auf Rügen
Jobcenter Hansestadt Stralsund,Stralsund,Carl-Heydemann-Ring 98,18437,Stralsund
Jobcenter NVP/Ribnitz Damgarten,Stralsund,Musikantenweg 5,18311,Ribnitz Damgarten
Regionaldirektion Nordrhein-Westfalen,,Josef-Gockeln-Str. 7,40474,Düsseldorf
Jobcenter StädteRegion Aachen ,Aachen ,Steinstr. 87,52249,Eschweiler
Jobcenter Kreis Heinsberg,Aachen ,Westpromenade 9,52525,Heinsberg
Jobcenter  Kreis Warendorf,Ahlen,Bismarckstr. 10,59229,Ahlen
Jobcenter Leverkusen ,Bergisch-Gladbach,Heinrich-von-Stephan-Str. 6a,51373,Leverkusen
Jobcenter Oberberg,Bergisch-Gladbach,Fabrikstraße 4,51643,Gummersbach
Jobcenter Rhein-Berg,Bergisch-Gladbach,Bensberger Str. 85,51465,Bergisch Gladbach
Jobcenter Arbeitsplus Bielefeld,Bielefeld,Willy-Brandt-Platz 2,33602,Bielefeld
Jobcenter Gütersloh,Bielefeld,Friedrich-Ebert-Str. 31,33330,Gütersloh
Jobcenter Bochum,Bochum,Universitätsstr. 66a,44789,Bochum
Jobcenter Herne,Bochum,Markgrafenstr. 9 Landgrafenstr. 29,44623    44652,Herne
Jobcenter Bonn,Bonn,Rochusstr. 6,53123,Bonn
Jobcenter Rhein-Sieg ,Bonn,Rathausallee 10,53757,Sankt Augustin
Jobcenter Rhein-Erft,Brühl,Europaallee 33,50226,Frechen
Jobcenter Kreis Euskirchen,Brühl,Jülicher Ring 32,53879,Euskirchen
Jobcenter,Coesfeld,Burloer Str. 93,46325,Borken
Jobcenter,Coesfeld,Friedrich-Ebert-Str. 7,48653,Coesfeld
Jobcenter Lippe ,Detmold,Wittekindstr. 2,32758,Detmold
Jobcenter Dortmund,Dortmund,Kaiserhain 1,44139,Dortmund
Jobcenter Dortmund,Dortmund,Luisenstr. 11-13,44137,Dortmund
Jobcenter Dortmund,Dortmund,Steinstr. 39,44147,Dortmund
Jobcenter Duisburg,Duisburg,Wintgensstr. 29-33,47058,Duisburg
Jobcenter Düsseldorf ,Düsseldorf,Luisenstr. 105,40215,Düsseldorf
Mettmann-aktiv,Düsseldorf,Düsseldorfer Str. 26,40822,Mettmann
Mettmann-aktiv,Düsseldorf,Alte Schulstr. 32-34 im Rathause,40789,Monheim/Rhein
Mettmann-aktiv,Düsseldorf,Briedenhofer Str.7,42781,Haan
Mettmann-aktiv,Düsseldorf,Hofstr. 56-60,40723,Hilden
Mettmann-aktiv,Düsseldorf,Goethestr. 23,40822,Mettmann
Mettmann-aktiv,Düsseldorf,Klinkerweg 7-9,40699,Erkrath
Mettmann-aktiv,Düsseldorf,Bahnhofstr. 43,40764,Langenfeld
Mettmann-aktiv,Düsseldorf,Stadionring 17,40878,Ratingen
Mettmann-aktiv,Düsseldorf,Hauptstr. 157,42579,Heiligenhaus
Mettmann-aktiv,Düsseldorf,Grünstr. 40-42,42551,Velbert
Mettmann-aktiv,Düsseldorf,Rathausplatz 2,42551,Velbert
Mettmann-aktiv,Düsseldorf,Am Rathaus 1,42489,Wülfrath
Jobcenter Essen,Essen,Berliner Platz 10,45127,Essen
Jobcenter Bottrop,Gelsenkirchen,Paßstr. 3,46236,Bottrop
Integrationscenter für Arbeit Gelsenkirchen- das Jobcenter,Gelsenkirchen,Vattmannstr. 12,45879,Gelsenkirchen
Jobcenter Ennepe,Hagen,Nordstr. 21,58332,Schwelm
Jobcenter Hagen,Hagen,Berliner Platz 2,58089,Hagen
Jobcenter Hamm,Hagen,Teichweg 1,59075,Hamm
Jobcenter Kreis Unna,Hamm,Luise-Schröder-Str. 12,59192,Bergkamen
Jobcenter Kreis Unna,Hamm,Rathausplatz 1,59174,Kamen
Jobcenter Kreis Unna,Hamm,Am Bahnhof 7,59199,Bönen
Jobcenter Kreis Unna,Hamm,Ruhrstr.9,58730,Frödenberg
Jobcenter Kreis Unna,Hamm,Poststr. 4,59439,Holzwickede
Jobcenter Kreis Unna,Hamm,Bahnhofstr. 8,59368,Werne
Jobcenter Kreis Unna,Hamm,Ludgeristr. 123,59379,Selm
Jobcenter Kreis Unna,Hamm,Willi-Brandt-Platz 1,44534,Lünen
Jobcenter Kreis Unna,Hamm,Kurt-Schumacher-Str. 15,44534,Lünen
Jobcenter Kreis Unna,Hamm,Münsterstr. 45,44532,Lünen
Jobcenter Kreis Unna,Hamm,Hüsingstr. 2,58239,Schwerte
Jobcenter Kreis Unna,Hamm,Bahnhofstr. 63,59423,Unna
Jobcenter Herford ,Herford,Hansastr. 33,32049,Herford
Amt pro Arbeit Jobcenter Kreis Minden-Lübbecke,Herford,Portastr. 13,32423,Minden
Jobcenter Märkischer Kreis ,Iserlohn,Friedrichstr. 59-61,58636,Iserlohn
Jobcenter Köln,Köln,Luxemburger Str.121,50939,Köln
Jobcenter Krefeld ,Krefeld,Fütingsweg 34,47805,Krefeld
Jobcenter Kreis Viersen,Krefeld,Am Schluff 18,41748,Viersen
Hochsauerlandkreis, Landkreis Meschede,Steinstr. 27,59872,Meschede
Jobcenter Mönchengladbach ,Mönchengladbach,Limitenstraße 144-148,41236,Mönchengladbach
Jobcenter Rhein-Kreis Neuss ,Mönchengladbach,Marienstr. 22-24,41062,Neuss
Jobcenter Mönchengladbach,Mönchengladbach,Viktoriastr. 52,41061,Mönchengladbach
Jobcenter Münster ,Münster,Kundenzentrum Soziales Stadthaus 2 Ludgeriplatz 4,48151,Münster
Sozialagentur Mühlheim a.d.R.,Oberhausen,Eppinghofer Str. 50,45468,Mühlheim
Jobcenter Oberhausen,Oberhausen,Centroallee 273-277,46047,Oberhausen
Jobcenter Kreis Höxter ,Paderborn,Stummrigestr. 56,37671,Höxter
Jobcenter Kreis Paderborn ,Padeborn,Rathenaustr. 30,33102,Paderborn
Jobcenter Kreis Recklinghausen ,Recklinghausen,Görresstr.15,45657,Recklinghausen
Steinfurt, Landkreis Rheine,Tecklenburger Str. 10,48565,Steinfurt
Jobcenter Kreis Olpe,Siegen,Franziskaner Str. 6,57462,Olpe
Jobcenter Kreis Siegen-Wittgenstein,Siegen,Emilienstr.45,57072,Siegen
Jobcenter Arbeit Hellweg Aktiv ,Soest,Paradieser Weg 2,59494,Soest
Arbeit Hellweg Aktiv Lippstadt,Soest,Am Siek 18-22,59555,Lippstadt
Arbeit Hellweg Aktiv Warstein,Soest,In den Kämpen 6,59581,Warstein
Arbeit Hellweg Aktiv Werl,Soest,Alter Markt 3,59457,Werl
Arbeit Hellweg Aktiv,Soest,Paradieser Weg 2,59494,Soest
Jobcenter Remscheid,Solingen,Bismarckstr. 10,42853,Remscheid
Jobcenter Solingen,Solingen,Kamper Str. 35,42699,Solingen
Jobcenter,Wesel,Nassauer Allee 15-23,47533,Kleve
Jobcenter Kreis Wesel,Wesel,Reeser Landstr. 61,46483,Wesel
Jobcenter Wuppertal ,Wuppertal,Bachstr. 2,42275,Wuppertal
Jobcenter Wuppertal GST 1,Wuppertal,Corneliusstraße 2,42329,Wuppertal
Jobcenter Wuppertal GST 2,Wuppertal,Uellendahler Str. 70 - 72,42107,Wuppertal
Jobcenter Wuppertal GST 3,Wuppertal,Neumarktstraße 40,42103,Wuppertal
Jobcenter Wuppertal GST 4,Wuppertal,Weidenstraße 25,42117,Wuppertal
Jobcenter Wuppertal GST 6,Wuppertal,Winklerstraße 1 - 3,42283,Wuppertal
Jobcenter Wuppertal ,Wuppertal,Schwarzbach 19,42277,Wuppertal
Regionaldirektion Rheinland-Pfalz-Saarland,,Eschberger Weg 68,66121,Saarbrücken
Jobcenter Bad Kreuznach,Bad Kreuznach,Viktoriastr. 36,55543,Bad Kreuznach
Jobcenter Birkenfeld,Bad Kreuznach,Hauptstraße 86,55743,Idar Oberstein
Jobcenter Rhein-Hunsrück,Bad Kreuznach,Gemündenerstr. 8a,55469,Simmern
Jobcenter Donnersbergkreis,Kaiserslautern,Mannheimer Str. 88,67292,Kirchheimbolanden
Jobcenter Landkreis Kaiserslautern,Kaiserslautern,Augustastr. 6,67655,Kaiserslautern
Jobcenter Stadt Kaiserslautern,Kaiserslautern,Guimaraes-Platz 3,67655,Kaiserslautern
Jobcenter Kusel,Kaiserslautern,Fritz Wunderlich Str. 53,66869,Kusel
Jobcenter Cochem-Zell,Koblenz,Briederweg 14,56812,Cochem
Jobcenter Stadt Koblenz,Koblenz,Am Berg 1,56070,Koblenz
Jobcenter Landkreis Germersheim,Landau,Waldstraße 13,76726,Germersheim
Jobcenter Landau-Südliche Weinstraße,,Johannes-Kopp-Str 2,76829,Landau
Jobcenter Deutsche Weinstraße ,Ludwigshafen,Friedrich-Ebert-Str. 17,67433,Neustadt a. d. Weinstraße
Jobcenter Vorderpfalz-Ludwigshafen,Ludwigshafen,Kaiser-Wilhelm-Str. 52,67059,Ludwigshafen
Jobcenter Alzey-Worms,Mainz,Galgenwiesenweg 23,55232,Alzey
Jobcenter Mainz ,Mainz,Am Rodelberg 21,55131,Mainz
Jobcenter Mainz-Bingen,Mainz,Konrad-Adenauer-Str. 30 A,55218,Ingelheim
Jobcenter für Arbeitsmarktintegration Worms,Mainz,Schönauer Str. 2,67547,Worms
Jobcenter Landkreis Ahrweiler,Mayen,Rathausstraße 1,53474,Bad Neuenahr-Ahrweiler
Jobcenter Landkreis Mayen-Koblenz,Mayen,Marktplatz 24,56727,Mayen
Jobcenter Rhein-Lahn/ Bad Ems,Montabaur,Wilhelmsallee  7,56130,Bad Ems
Jobcenter Westerwald,Montabaur,Bahnallee 17,56410,Montabaur (bis vorausichtl. 31.10.2005
Jobcenter Neunkirchen,Neunkirchen,Falkenstr. 24,66538,Neunkirchen
Jobcenter im Saarpfalz-Kreis,Neunkirchen,Gerberstr. 29,66424,Homburg
Jobcenter Grundsicherung für Arbeitsuchende Kreis Altenkirchen,Neuwied,Siegstraße 29,57518,Betzdorf
Jobcenter Neuwied,Neuwied,Heddesdorfer Str. 35,56564,Neuwied
Jobcenter Pirmasens,Pirmasens,Schachenstr. 70,66954,Pirmasens
Jobcenter Zweibrücken,Pirmasens,Landauerstr. 67,66482,Zweibrücken
Jobcenter im Regionalverband Saarbrücken,Saarbrücken,Hafenstr. 18,66111,Saarbrücken
Jobcenter Merzig-Wadern,Saarlouis,Torstr. 28,66663,Merzig
Jobcenter Saarlouis,Saarlouis,Bahnhofsallee 4f,66740,Saarlouis
Jobcenter Bernkastel-Wittlich,Trier,Friedrichstr. 22,54516,Wittlich
Jobcenter Bitburg-Prüm,Trier,Trierer Str. 5,64634,Bitburg
Jobcenter Trier,Trier,Dasbachstr. 9,54292,Trier
Jobcenter Trier-Saarburg,Trier,Dasbachstr. 9,54292,Trier
Regionaldirektion Sachsen-Anhalt-Thüringen,Regionaldirektion Sachsen-Anhalt-Thüringen,Frau-von-Selmnitz-Str. 6,6110,Halle
Jobcenter Altenburger Land,Altenburg,Fabrikstr. 30,4600,Altenburg
Jobcenter Anhalt- Bitterfeld,Dessau,Markt 28,39251,Zerbst
Jobcenter Salzlandkreis,Dessau,Parkstr. 11,6406,Bernburg
Jobcenter Dessau-Roßlau,Dessau,Seminarplatz 01,6846,Dessau-Roßlau
Jobcenter Erfurt ,Erfurt,Max-Reger-Str. 1,99096,Erfurt
Jobcenter Ilm-Kreis,Erfurt,Bierweg 2,99310,Arnstadt
Jobcenter Sömmerda,Erfurt,Poststraße 2,99610,Sömmerda
Jobcenter Sömmerda,Erfurt,Juri-Gagarin-Ring 158/160,99084,Erfurt
Jobcenter Weimar,Erfurt,Eduard-Rosenthal-Str. 43,99423,Weimar
Jobcenter Weimarer Land,Erfurt,Herdestr.10,99510,Apolda
Jobcenter Stadt Gera,Gera,Reichsstr. 15,7545,Gera
Jobcenter Greiz,Gera,Dr. Rathenau- Platz 11,7973,Greiz
Jobcenter Saale-Orla-Kreis,Gera,Pahlhonstr.6   Postf.1155 PLZ 07901,7907,Schleiz
Jobcenter Eisenach,Gotha,Ernst-Thälmann-Str.78a,99817,Eisenach
Jobcenter im Landkreis Gotha,Schöne Aussicht 5, Haus A,99867,Gotha
Jobcenter Unstrut-Hainich-Kreis,Gotha,Brunnenstr. 94,99974,Mühlhausen
Jobcenter Landkreis Harz,Halberstadt,Kurtsstr. 13,38855,Wernigerode
Jobcenter Halle (Saale),Halle,Schopenhauerstr. 2,6114,Halle
Landkreis Saalkreis - Halle,Halle,Schopenhauerstr. 2,6114,Halle
Jobcenter,Jena,Tatzendpromenade 2a,7455,Jena
Jobcenter Saale-Holzland ,Jena,Carl-von-Ossietzky-Str. 15a,7607,Eisenberg
Jobcenter Saalfeld-Rudolstadt,Jena,Bahnhofstr. 5,7318,Saalfeld
Jobcenter der ARGE Börde,Magdeburg,Hackelberg 6,39387,Oschersleben
Jobcenter der ARGE Börde,Magdeburg,Lange Str. 11,39164,Wanzleben
Jobcenter Börde,Magdeburg,Gerikestr. 3,39340,Haldensleben
Jobcenter Börde,Magdeburg,Julius-Bremer-Str.10,39326,Wolmirstedt
Jobcenter Jerichower Land,Magdeburg,Martin-Luther-Str. 21,39288,Burg
Jobcenter Jerichower Land,Magdeburg,Brandenburger Str. 100,39307,Genthin
Jobcenter ,Magdeburg,Otto-v.-Guericke-Str. 12a,39104,Magdeburg
Jobcenter Burgenlandkreis,Merseburg,Hallesche Str. 60,6618,Naumburg
Merseburg-Querfurt, Landkreis Merseburg,Robert-Blum-Str. 17,6217,Merseburg
Jobcenter SGB II WSF,Merseburg,Weg nach der Marienmühle 10,6667,Weißenfels
Jobcenter,Nordhausen,Leinegasse 8,37038,Heiligenstadt
Jobcenter Kyffhäuserkreis,Nordhausen,Sangerhäuser Str. 36,6556,Artern
Jobcenter Nordhausen,Nordhausen,Uferstr. 2,99734,Nordhausen
Jobcenter Mansfelder-Südharz,Sangerhausen,Baumschulenweg 1,6526,Sangerhausen
Jobcenter Stendal und Altmarkkreis Salzwedel,Stendal,Straße der Jugend 6,38486,Klötze
Jobcenter Stendal,Stendal,Stadtseeallee 71,39576,Stendal
Jobcenter Landkreis Hildburghausen,Suhl,Puschkinplatz 6,98646,Hildburghausen
Jobcenter Suhl Geschäftsstelle Meiningen,Suhl,Landratsamt Obersthäuser Platz 1,98617,Meiningen
Agentur für Arbeit Suhl - Geschäftsstelle Meiningen,Suhl,Eichelbach 1,98574,Schmalkalden
Jobcenter Landkreis Sonneberg,Suhl,Bahnhofstr. 44-48,96515,Sonneberg
Jobcenter Suhl,Suhl,Werner-Seelenbinder-Str. 8,98529,Suhl
Jobcenter Wartburgkreis,Suhl,Erzberger Allee 12,36433,Bad Salzungen
Jobcenter Landkreis Wittenberg ,Wittenberg,Melanchthonstr. 3a,6886,Wittenberg
Reionaldirektion Sachsen,,Paracelsusstr. 13 - Lager -,9114,Chemnitz
Jobcenter Erzgebirgskreis,Annaberg-Buchholz,Wettiner Str. 61,8280,Aue
Jobcenter Landkreis Görlitz ,Bautzen,Robert-Koch-Str.1,2926,Niesky
Jobcenter Niederschlesische-Oberlausitz - Gemeinschaft für Arbeit,Bautzen,Straße der Einheit 2,2943,Weißwasser
Jobcenter NOL Niesky,Bautzen,Bautzener Str. 34,2906,Niesky
Jobcenter Chemnitz ,Chemnitz,Elsasser Str. 10,9120,Chemnitz
Jobcenter Freiberg-Mittweida,Chemnitz,Am Landratsamt 3,9648,Mittweida
Jobcenter Dresden,Dresden,Budapester Str. 30,1069,Dresden
Jobcenter Delitzsch,Leipzig,Am Schäfergraben 5-7,4509,Delitzsch
Jobcenter Leipzig ,Leipzig,Georg-Schumann-Str. 150,4159,Leipzig
Jobcenter Meißen,Riesa,Loosestr.15 -19,1662,Meißen
Jobcenter,Oschatz,Burgstr. 34,4720,Döbeln
Kommunales Jobcenter Landkreis Leipzig,Oschatz,Südstr. 80 Haus 62,4668,Grimma
Jobcenter Nordsachsen,Oschatz,Oststr. 3,4758,Oschatz
Jobcenter Sächsische Schweiz-Osterzgebirge,Pirna,Johann-Georg-Palitzsch-Hof Haus 2,1705,Freital
Jobcenter Stadt Plauen,Plauen,Neundorfer Str. 70-72,8523,Plauen
Jobcenter Agentur für Arbeit - Vogtlandkreis,Plauen,Neundorfer Str. 70-72,8523,Plauen
Jobcenter Zwickau,Zwickau,Werdauer Str. 62/Haus 5,8056,Zwickau
Regionaldirektion Berlin-Brandenburg ,,Friedrichstr. 34,10969,Berlin
Jobcenter Berlin Friedrichshain-Kreuzberg,Berlin Mitte,Rudi-Dutschke-Str. 3,10969,Berlin
Jobcenter Berlin Mitte,Berlin Mitte,Sickingenstr. 70/71,10553,Berlin
Jobcenter Charlottenburg-Wilmersdorf,Berlin Nord,Bundesallee 206,10719,Berlin
Jobcenter Pankow,Berlin Nord,Storkower Str. 133,10407,Berlin
Jobcenter Reinickendorf,Berlin Nord,Miraustr. 54,13509,Berlin
Jobcenter Spandau,Berlin Nord,Brunsbütteler Damm 75-77,13581,Berlin
Jobcenter Berlin Lichtenberg,Berlin Mitte,Gotlindestr. 93,10365,Berlin
Jobcenter Berlin-Marzahn-Hellersdorf,Berlin Mitte,Allee der Kosmonauten 29,12681,Berlin
Jobcenter Neukölln,Berlin Süd,Mainzer Str. 27,12053,Berlin
Jobcenter Treptow-Köpenick,Berlin Süd,Groß-Berliner-Damm 73 a-e,12487,Berlin
Jobcenter Steglitz-Zehlendorf,Berlin Süd,Birkbuschstr. 10,12167,Berlin
Jobcenter Berlin Tempelhof-Schöneberg,Berlin Süd,Wolframstr. 89-92,12105,Berlin
Jobcenter Cottbus,Cottbus,Bahnhofstr. 10,3046,Cottbus
Jobcenter Elbe-Elster,Cottbus,Lugstr. 4,4916,Herzberg
Jobcenter Oberspreewald-Lausitz,Cottbus,Adolfstr. 1-3,1968,Senftenberg
Jobcenter Landkreis Dahme-Spreewald,Cottbus,Max-Werner-Str. 5,15711,Königs Wusterhausen
Job-Center Barnim,Eberswalde,Schicklerstr. 14-20,16225,Eberswalde
Jobcenter Frankfurt/Oder,Frankfurt/Oder,Robert-Havemann-Str. 6,15236,Frankfurt/Oder
Jobcenter Märkisch-Oderland,Frankfurt/Oder,Fichtenweg 4,15306,Seelow
Jobcenter Havelland,Neuruppin,Waldemardamm 3,14641,Nauen
Jobcenter,Neuruppin,Adolf- Dechert- Str. 1,16515,Oranienburg
Jobcenter,Neuruppin,Rheinsberger Str. 18,16909,Wittstock
Jobcenter Prignitz,Neuruppin,Berliner Weg 8,19348,Perleberg
Jobcenter Brandenburg an der Havel,Potsdam,Kirchhofstr. 39-42,14776,Brandenburg a.d. Havel
Jobcenter Potsdam,Potsdam,Horstweg 102-108,14478,Potsdam
Jobcenter Mittelmark,Potsdam,Brücker Landstr. 1a,14806,Bad Belzig
Jobcenter Landkreis Teltow-Fläming ,Potsdam,Bahnhofstr. 16,15806,Zossen